year,tmp,month,tmpLoess,deconID
1881,-5.4,0,-2.0858236000742068,73
1882,0.4,0,-2.0276611539697313,74
1883,-0.3,0,-1.9693152900820508,75
1884,2.9,0,-1.9107713064826868,76
1885,-2.8,0,-1.8520518071740781,77
1886,-1.3,0,-1.7932221681539744,78
1887,-3.7,0,-1.7343514628076804,79
1888,-1.9,0,-1.6755102750798159,80
1889,-2.4,0,-1.6167528180932607,81
1890,2,0,-1.5581260247512176,82
1891,-4.5,0,-1.499677197056414,83
1892,-1.8,0,-1.4414773932574576,84
1893,-7.3,0,-1.3835812187693222,85
1894,-1.8,0,-1.3260270819235416,86
1895,-4,0,-1.2688199205812367,87
1896,-0.8,0,-1.2119408835805956,88
1897,-2.9,0,-1.155336474417524,89
1898,2.3,0,-1.098931215181267,90
1899,2.1,0,-1.0426189555169572,91
1900,0.7,0,-0.9863005625407055,92
1901,-3.7,0,-0.9298960196894086,93
1902,2.8,0,-0.8733239098879579,94
1903,0.3,0,-0.8164570704120138,95
1904,-1.3,0,-0.7591612114014765,96
1905,-1.8,0,-0.7012738096809841,97
1906,1,0,-0.6425382144051781,98
1907,-0.3,0,-0.5825288112213514,99
1908,-2.2,0,-0.5205948309440629,100
1909,-1.6,0,-0.4557539854870498,101
1910,1.4,0,-0.3867270530256235,102
1911,-1.1,0,-0.32852080367295855,103
1912,-1.5,0,-0.2724820504524388,104
1913,-0.2,0,-0.21954465691162284,105
1914,-3,0,-0.17093967605821092,106
1915,0.2,0,-0.12760598163349357,107
1916,3.8,0,-0.0900552685367586,108
1917,-2.6,0,-0.05825214727806838,109
1918,0.7,0,-0.032570751946984444,110
1919,0.7,0,-0.01349783559013673,111
1920,2.3,0,-0.0014381425272915749,112
1921,4.2,0,0.004392091304218582,113
1922,-2.7,0,0.0051913847383247,114
1923,1.5,0,0.0021836039487439507,115
1924,-2.9,0,-0.0032653022995159375,116
1925,2.5,0,-0.009887316582517736,117
1926,0,0,-0.016954016158372553,118
1927,1.8,0,-0.024518456718524817,119
1928,1.6,0,-0.03320248905028578,120
1929,-4.7,0,-0.04340832867030997,121
1930,2.3,0,-0.055121698630088645,122
1931,0.2,0,-0.06813386732996918,123
1932,1.8,0,-0.08259426335556697,124
1933,-2.6,0,-0.09852343235097294,125
1934,0.5,0,-0.11581646349998209,126
1935,-0.8,0,-0.13430800297514622,127
1936,3.1,0,-0.15448357618679154,128
1937,-0.8,0,-0.17674172070306327,129
1938,1.7,0,-0.20102904308414793,130
1939,2.6,0,-0.22741840875082175,131
1940,-9,0,-0.25587552428036986,132
1941,-5.4,0,-0.286033186004488,133
1942,-7.9,0,-0.3172647864851399,134
1943,-0.4,0,-0.34907841383869,135
1944,3.1,0,-0.38100333769881445,136
1945,-4,0,-0.41304773078402945,137
1946,-1.8,0,-0.4451254163333118,138
1947,-4.7,0,-0.4762580976179862,139
1948,3.1,0,-0.5053977143524548,140
1949,1.2,0,-0.5316407001667258,141
1950,-1,0,-0.554394482249112,142
1951,1.5,0,-0.5731026375043946,143
1952,0.2,0,-0.5873376184111141,144
1953,-0.8,0,-0.597286674154498,145
1954,-3.2,0,-0.6033043211520743,146
1955,-1.7,0,-0.606135171305537,147
1956,0.2,0,-0.6059206578289107,148
1957,0.3,0,-0.6026540924259933,149
1958,-0.4,0,-0.5964793672539948,150
1959,-0.1,0,-0.5875158799908498,151
1960,-0.1,0,-0.576607740360366,152
1961,-0.8,0,-0.5641825589225533,153
1962,1.7,0,-0.5502125533749975,154
1963,-7.4,0,-0.5342974844652026,155
1964,-2.6,0,-0.5163468306875103,156
1965,1.2,0,-0.4963342615055879,157
1966,-2.7,0,-0.4741607134403836,158
1967,0.7,0,-0.44951962483571606,159
1968,-1.1,0,-0.4224885073199047,160
1969,0.5,0,-0.39359027192360685,161
1970,-2.6,0,-0.3631892057133257,162
1971,-1.1,0,-0.33120479563825,163
1972,-2.3,0,-0.29742811967078353,164
1973,0,0,-0.26188120611132604,165
1974,3.3,0,-0.22447489373499252,166
1975,4.5,0,-0.1847394458129088,167
1976,1.2,0,-0.14266094146105956,168
1977,0.4,0,-0.09870768102992145,169
1978,0.8,0,-0.05384388364227277,170
1979,-4.5,0,-0.009138450812628207,171
1980,-2.7,0,0.035041774145327054,172
1981,-1.5,0,0.07866700571163676,173
1982,-2.3,0,0.12154682193659028,174
1983,4,0,0.16342953334435606,175
1984,1.1,0,0.20434033767494952,176
1985,-5.5,0,0.2441247592005027,177
1986,0.1,0,0.28234405579601685,178
1987,-5.9,0,0.31886055523108325,179
1988,3.5,0,0.3538473942815443,180
1989,2.5,0,0.37751506735934015,181
1990,2.5,0,0.4001856229533729,182
1991,1.5,0,0.4222121427421257,183
1992,1,0,0.4440092681440362,184
1993,2.5,0,0.4657647270333811,185
1994,3,0,0.4875055340331329,186
1995,0.2,0,0.5091612919070343,187
1996,-2.8,0,0.5306212072453604,188
1997,-2.6,0,0.5518002110076949,189
1998,2.4,0,0.5726719018864657,190
1999,2.6,0,0.5932451237825518,191
2000,1.1,0,0.6135083573817681,192
2001,0.9,0,0.6334272270548169,193
2002,1.2,0,0.6529636595602,194
2003,-0.3,0,0.6720811384203884,195
2004,-0.1,0,0.6907457477484229,196
2005,2,0,0.7089381180342045,197
2006,-2.6,0,0.7266480571115466,198
2007,4.8,0,0.7438639361126178,199
2008,3.7,0,0.760591655938633,200
2009,-2.2,0,0.7768092960965873,201
2010,-3.7,0,0.7924730175854364,202
2011,1,0,0.8075707936770016,203
2012,1.9,0,0.8221302121095988,204
2013,0.2,0,0.836181221093149,205
2014,2.1,0,0.8497427678565472,206
2015,2.2,0,0.8628338680012035,207
2016,1,0,0.8754567079816766,208
2017,-2.2,0,0.8875939435136075,209
1881,-0.1,1,-0.04674821963112663,212
1882,1.5,1,-0.026585382898623777,213
1883,2.3,1,-0.0060128495408164895,214
1884,2.7,1,0.014943332710181778,215
1885,3,1,0.03621727054726165,216
1886,-2.9,1,0.0576972289009845,217
1887,-0.8,1,0.07923650657460257,218
1888,-2.6,1,0.1007055685650542,219
1889,-2.6,1,0.12199256076142007,220
1890,-2.6,1,0.14301625398266538,221
1891,-0.6,1,0.16373243232985857,222
1892,0.5,1,0.1841326743513534,223
1893,1.8,1,0.2042276248145498,224
1894,1.6,1,0.2240309616662941,225
1895,-6.8,1,0.24354566941124034,226
1896,-0.2,1,0.26277185317140805,227
1897,1.2,1,0.28174357875189315,228
1898,1.1,1,0.30052085433313636,229
1899,2,1,0.3191749359007403,230
1900,1.1,1,0.33778614089579406,231
1901,-4.1,1,0.356438893670493,232
1902,-1.3,1,0.37524358271897285,233
1903,3.6,1,0.3944013894961387,234
1904,1.1,1,0.4142210682675582,235
1905,1.3,1,0.4351016363965172,236
1906,0.3,1,0.45759588318135513,237
1907,-1.5,1,0.4824983314699338,238
1908,1.2,1,0.5109424759683705,239
1909,-2.5,1,0.5443014626735732,240
1910,2.4,1,0.5832393602142787,241
1911,1.3,1,0.6080089902872672,242
1912,2.3,1,0.6307106784224814,243
1913,1.3,1,0.6502100518122447,244
1914,3.1,1,0.6654027339521136,245
1915,1,1,0.6755129363048606,246
1916,0.8,1,0.6807390130896023,247
1917,-3.8,1,0.6815200123245952,248
1918,1.7,1,0.6789299711031931,249
1919,-0.5,1,0.6742198385432605,250
1920,3,1,0.6679576043497697,251
1921,1.3,1,0.6603601576981539,252
1922,-1.3,1,0.651622200466921,253
1923,1,1,0.6421793147018136,254
1924,-2.6,1,0.6327479443873045,255
1925,3.6,1,0.6239764366468279,256
1926,4.4,1,0.6159779288458012,257
1927,0.9,1,0.608033830130509,258
1928,2.5,1,0.5991026007130813,259
1929,-9.6,1,0.5884598244039125,260
1930,-0.2,1,0.5762671847817558,261
1931,-1.2,1,0.5631862039863975,262
1932,-1.9,1,0.5494706354964336,263
1933,0.1,1,0.5351588878974667,264
1934,1.2,1,0.5209033579225704,265
1935,1.9,1,0.5073462543140863,266
1936,0.2,1,0.4947385508429889,267
1937,2.2,1,0.48324644072645384,268
1938,0.9,1,0.4727364812394832,269
1939,1.6,1,0.4634078570529603,270
1940,-4.3,1,0.45530716962302265,271
1941,-0.2,1,0.44823175142599503,272
1942,-5.4,1,0.4415878520601293,273
1943,2.9,1,0.4347641254558159,274
1944,-1.1,1,0.4276281844573555,275
1945,4,1,0.42064388487986726,276
1946,2.4,1,0.41466560460815227,277
1947,-6.6,1,0.4107495941890247,278
1948,0.5,1,0.409441461272257,279
1949,1.7,1,0.41113820630449105,280
1950,3,1,0.4160779290322978,281
1951,1.9,1,0.42415656300430626,282
1952,-0.1,1,0.4349785406414277,283
1953,-0.1,1,0.4480225647030913,284
1954,-3.5,1,0.462517295511109,285
1955,-1.9,1,0.47707914424986697,286
1956,-9.6,1,0.4903555016520613,287
1957,3.8,1,0.5014773027766388,288
1958,1.9,1,0.5097067791542784,289
1959,-0.1,1,0.5146713883436433,290
1960,0.4,1,0.5164029025445522,291
1961,4.4,1,0.5155024457808306,292
1962,0.3,1,0.5128597116107168,293
1963,-5.7,1,0.5090679854976625,294
1964,0.6,1,0.5041270146387875,295
1965,-1.8,1,0.49818187383393564,296
1966,3.5,1,0.4913755323948923,297
1967,2.8,1,0.48390370567848606,298
1968,0.7,1,0.4764362909455109,299
1969,-2.1,1,0.46968461319049837,300
1970,-1.1,1,0.4649842637084305,301
1971,1.4,1,0.46369053676690264,302
1972,2,1,0.46677097133071754,303
1973,1,1,0.474684578538092,304
1974,3.2,1,0.48779242510817644,305
1975,1.4,1,0.5061169792173619,306
1976,0.5,1,0.5292735351600548,307
1977,3,1,0.556870519546873,308
1978,-1.4,1,0.5876485756759493,309
1979,-1.8,1,0.6199026912669936,310
1980,2.1,1,0.6525259827377354,311
1981,-0.4,1,0.6851652969000099,312
1982,-0.1,1,0.717623268816979,313
1983,-1.7,1,0.749642743164884,314
1984,-0.3,1,0.7810010265560692,315
1985,-3.1,1,0.8109984439419549,316
1986,-6.4,1,0.8387149555054663,317
1987,-0.3,1,0.8636854395326878,318
1988,2.1,1,0.8859721737259889,319
1989,3.4,1,0.9065122357642252,320
1990,5.7,1,0.9265621088452463,321
1991,-2.4,1,0.9481888920902861,322
1992,2.8,1,0.9718819291539944,323
1993,-0.7,1,0.9975983668148558,324
1994,-0.2,1,1.0251240503564247,325
1995,4.6,1,1.054250959563106,326
1996,-2.2,1,1.0847959736515804,327
1997,4.1,1,1.116569515435799,328
1998,4.3,1,1.1494203518648618,329
1999,0.4,1,1.1831834517030444,330
2000,3.9,1,1.2176813630807573,331
2001,2.3,1,1.252755279927655,332
2002,5.1,1,1.288243254737722,333
2003,-1.9,1,1.3239828249181045,334
2004,2.4,1,1.359810732450029,335
2005,-1,1,1.395601633665379,336
2006,-0.4,1,1.4312484027783512,337
2007,3.9,1,1.4666796862072715,338
2008,3.7,1,1.5018494171147267,339
2009,0.5,1,1.5366967102608697,340
2010,-0.5,1,1.5711469034091152,341
2011,0.9,1,1.6051446679936703,342
2012,-2.5,1,1.6386658847431477,343
2013,-0.7,1,1.671711783410501,344
2014,4.3,1,1.704327106364417,345
2015,0.7,1,1.736582360214939,346
2016,3.3,1,1.7685296960128767,347
2017,2.9,1,1.8002216078564004,348
1881,2.6,2,2.1681932194318136,351
1882,6,2,2.2127351652036538,352
1883,-1.7,2,2.257143761288944,353
1884,4.7,2,2.3013624230064096,354
1885,2.5,2,2.345348183352499,355
1886,0.4,2,2.389038247543283,356
1887,1.1,2,2.4323644449764146,357
1888,0.7,2,2.4752804979813163,358
1889,0.3,2,2.5177637903268106,359
1890,4.1,2,2.559819758484295,360
1891,2.6,2,2.6014788265941746,361
1892,0.5,2,2.642766239198295,362
1893,4.3,2,2.6837131458989347,363
1894,4.7,2,2.724373001782638,364
1895,1.4,2,2.764793071385924,365
1896,5.3,2,2.8050098743592145,366
1897,5,2,2.8450717249169912,367
1898,2.9,2,2.885013233434208,368
1899,2.6,2,2.9248496349845254,369
1900,0.6,2,2.9645954004931383,370
1901,2.1,2,3.0042793569065225,371
1902,3.4,2,3.043969520596349,372
1903,5.7,2,3.0837735507937367,373
1904,3,2,3.123822407340114,374
1905,4.5,2,3.164247409664455,375
1906,2.2,2,3.2051899007021234,376
1907,2.6,2,3.2467581672928674,377
1908,2.3,2,3.2889456740796206,378
1909,1.5,2,3.3313391015904514,379
1910,3.7,2,3.372520218903432,380
1911,4,2,3.394669312977541,381
1912,6,2,3.4137990885629854,382
1913,6,2,3.430029019744925,383
1914,4.7,2,3.443277823052629,384
1915,1.7,2,3.453644052659932,385
1916,3.9,2,3.46169814032881,386
1917,0,2,3.4679517287754322,387
1918,4,2,3.4731223655351995,388
1919,3,2,3.477804684492226,389
1920,6.1,2,3.4822379823831575,390
1921,5.6,2,3.486856792566939,391
1922,3.5,2,3.491785411779744,392
1923,4.9,2,3.4967547904934433,393
1924,2.2,2,3.5012698611919557,394
1925,1.3,2,3.5048421119758952,395
1926,4,2,3.507043849067207,396
1927,5.9,2,3.5077386791577148,397
1928,2.9,2,3.506825901269135,398
1929,2.6,2,3.5043473285694446,399
1930,4.2,2,3.5006231125525886,400
1931,0.2,2,3.49558360461047,401
1932,0.8,2,3.489195819423653,402
1933,5.1,2,3.4816877705133145,403
1934,4.1,2,3.4737297981736166,404
1935,2.7,2,3.4657002277001148,405
1936,5,2,3.4579380294441293,406
1937,2.9,2,3.45054945006315,407
1938,7,2,3.44350203486803,408
1939,1.7,2,3.436756554936968,409
1940,2.8,2,3.430236907122472,410
1941,3.3,2,3.4238154069068494,411
1942,1.4,2,3.4170081594597126,412
1943,5.6,2,3.4092796959673533,413
1944,0.9,2,3.4004486671358314,414
1945,6,2,3.3909763935437427,415
1946,3.7,2,3.381554811357211,416
1947,2.6,2,3.3730370316681437,417
1948,5.7,2,3.365782601527174,418
1949,2,2,3.359687131243419,419
1950,4.8,2,3.3546133767879383,420
1951,2.2,2,3.3506507656034827,421
1952,2.6,2,3.347957389191425,422
1953,4.8,2,3.3467118696182787,423
1954,4.3,2,3.3474786030000256,424
1955,0.4,2,3.35061314384655,425
1956,2.9,2,3.355987554353689,426
1957,6.4,2,3.3631671097015694,427
1958,-0.3,2,3.371836955442879,428
1959,6.2,2,3.3815947498045658,429
1960,4.3,2,3.3919218978818897,430
1961,6,2,3.4025648201658925,431
1962,0.2,2,3.4135221562689804,432
1963,2.5,2,3.42478850370383,433
1964,0.6,2,3.436678487940874,434
1965,2.3,2,3.4495419584976226,435
1966,3.3,2,3.463526476226974,436
1967,5.4,2,3.4789629507386692,437
1968,4.4,2,3.4959029524033767,438
1969,0.9,2,3.5143496014735334,439
1970,1.2,2,3.5344203117351825,440
1971,1,2,3.556378402126647,441
1972,5.3,2,3.580634343919428,442
1973,3.9,2,3.6074403365843324,443
1974,5.7,2,3.6369877668211643,444
1975,3.6,2,3.669190411870119,445
1976,1.3,2,3.703996455487996,446
1977,6.1,2,3.7412185555999287,447
1978,4.8,2,3.7803729142738973,448
1979,3.7,2,3.820905995096993,449
1980,3.3,2,3.862374956949921,450
1981,6.8,2,3.90449038537308,451
1982,4.2,2,3.94682765249577,452
1983,4.6,2,3.9887658948796485,453
1984,2,2,4.029996983090754,454
1985,2.8,2,4.07058621724444,455
1986,3,2,4.110199994792609,456
1987,-0.4,2,4.1485631800597815,457
1988,2.7,2,4.185588252868868,458
1989,7,2,4.211495220302808,459
1990,6.9,2,4.239244488329426,460
1991,6.4,2,4.269094887862494,461
1992,4.8,2,4.300670024962471,462
1993,3.6,2,4.333498557315352,463
1994,6.3,2,4.367194701125456,464
1995,3.1,2,4.401478046003035,465
1996,1,2,4.436128500365996,466
1997,5.8,2,4.47100200532784,467
1998,5,2,4.506017178286477,468
1999,5.4,2,4.541101988810389,469
2000,5.2,2,4.576189624884776,470
2001,4.2,2,4.611216905663639,471
2002,5.4,2,4.646127747055431,472
2003,5.3,2,4.680879134354491,473
2004,4.1,2,4.715430657947479,474
2005,3.6,2,4.749745435562794,475
2006,1.5,2,4.7838019746702685,476
2007,6.2,2,4.817602378424546,477
2008,4.2,2,4.851173762304114,478
2009,4.3,2,4.884538421111358,479
2010,4.2,2,4.917724024554069,480
2011,4.9,2,4.950767438938982,481
2012,6.9,2,4.983713520404791,482
2013,0.1,2,5.016603234735392,483
2014,6.9,2,5.049464027510815,484
2015,5.2,2,5.082337706054517,485
2016,4,2,5.115251072649031,486
2017,7.2,2,5.148226894763518,487
1881,5.6,3,6.992227149760167,490
1882,7.7,3,7.001868909447278,491
1883,6.1,3,7.011385955370937,492
1884,6.1,3,7.020791837890524,493
1885,9.2,3,7.0301118886063545,494
1886,8.7,3,7.039380976719894,495
1887,7.1,3,7.048614695411928,496
1888,5.7,3,7.057807724125663,497
1889,6.9,3,7.066952515250401,498
1890,6.8,3,7.076054034572024,499
1891,5.1,3,7.085122803381239,500
1892,7,3,7.0941765865870146,501
1893,8.8,3,7.10325078089873,502
1894,9.9,3,7.1123845781952575,503
1895,8.6,3,7.1216008748301025,504
1896,5.9,3,7.130898032437049,505
1897,7.2,3,7.140255237376777,506
1898,7.3,3,7.1496532218827245,507
1899,7.1,3,7.159068251330476,508
1900,6.5,3,7.168467155367476,509
1901,8,3,7.1778091152112244,510
1902,7.8,3,7.187047727220537,511
1903,4.7,3,7.196111471662223,512
1904,8.8,3,7.20489908602817,513
1905,5.9,3,7.21329290832872,514
1906,8,3,7.221115235595857,515
1907,6.1,3,7.228125131835698,516
1908,5.4,3,7.233982277982549,517
1909,7.8,3,7.2383245091643955,518
1910,7.3,3,7.241098910452295,519
1911,7.2,3,7.24279980292051,520
1912,6.9,3,7.244341934015679,521
1913,7.8,3,7.246023101603248,522
1914,9.8,3,7.2478220141996506,523
1915,6.9,3,7.249573499147897,524
1916,8.2,3,7.251492101541735,525
1917,4.3,3,7.254212404465145,526
1918,9,3,7.258559875782754,527
1919,5.6,3,7.265392329186214,528
1920,9.4,3,7.275504291692253,529
1921,7.8,3,7.289584891280139,530
1922,5.5,3,7.307802526828329,531
1923,6.8,3,7.32963877048957,532
1924,6.3,3,7.354430678253948,533
1925,8.2,3,7.381878028026772,534
1926,9.7,3,7.411872844204588,535
1927,7.1,3,7.443821719423802,536
1928,7.5,3,7.476795594401736,537
1929,4.5,3,7.509737264792577,538
1930,8.3,3,7.541635085026066,539
1931,5.8,3,7.571524263971568,540
1932,7,3,7.598944595905628,541
1933,7,3,7.623834046381056,542
1934,10.3,3,7.646387385212222,543
1935,7.3,3,7.667072515112942,544
1936,6.2,3,7.686356135816361,545
1937,8,3,7.704834674508703,546
1938,5,3,7.722881349064167,547
1939,8.6,3,7.740629564245907,548
1940,7.9,3,7.758110339240275,549
1941,5.5,3,7.775422587791709,550
1942,7.5,3,7.792443103449003,551
1943,9.3,3,7.808787121619645,552
1944,8.6,3,7.824197905997153,553
1945,8.8,3,7.838535822934073,554
1946,10.2,3,7.85154763021723,555
1947,9.4,3,7.863129609079952,556
1948,10,3,7.872944854273616,557
1949,10.3,3,7.880640914183242,558
1950,6.8,3,7.885586904908232,559
1951,7.3,3,7.88731173098881,560
1952,10.3,3,7.885575810629266,561
1953,9,3,7.880090965900024,562
1954,5.8,3,7.870557705927524,563
1955,6.9,3,7.856533694446803,564
1956,5.3,3,7.8378988288833895,565
1957,7.5,3,7.814928207684801,566
1958,5.2,3,7.788094790015464,567
1959,9.4,3,7.757913773245832,568
1960,7.4,3,7.7250904319912905,569
1961,10.6,3,7.690499468596542,570
1962,8.2,3,7.654836967790686,571
1963,8.4,3,7.618543900040606,572
1964,8.6,3,7.581918658639594,573
1965,6.7,3,7.54567302872708,574
1966,8.6,3,7.510805327438575,575
1967,6.5,3,7.478264580510427,576
1968,9,3,7.449024317559747,577
1969,7,3,7.423836512178475,578
1970,5.3,3,7.403247229183876,579
1971,8.2,3,7.387815240361988,580
1972,7.2,3,7.377815582492779,581
1973,5.1,3,7.37317466978579,582
1974,8,3,7.3734705360763115,583
1975,6.8,3,7.378070931584112,584
1976,6.9,3,7.386239325440196,585
1977,5.7,3,7.3973824151076775,586
1978,6.5,3,7.4110618063293,587
1979,6.3,3,7.427034241471318,588
1980,6,3,7.44541707636408,589
1981,7.8,3,7.466198126990932,590
1982,6.5,3,7.489476925397312,591
1983,8.6,3,7.515667926835775,592
1984,6.8,3,7.545628486570479,593
1985,7.6,3,7.579985101195888,594
1986,6.3,3,7.61914133063182,595
1987,9.1,3,7.6633526555834095,596
1988,8,3,7.712564395680857,597
1989,7.2,3,7.77883510109146,598
1990,7.4,3,7.84175897495129,599
1991,7.1,3,7.901532985152585,600
1992,7.8,3,7.959048798350267,601
1993,10.4,3,8.015113570982265,602
1994,7.9,3,8.07029476097911,603
1995,8.5,3,8.12494604450086,604
1996,8.4,3,8.179296673981028,605
1997,6.4,3,8.233495819602041,606
1998,8.9,3,8.287645855656407,607
1999,8.9,3,8.341830488636433,608
2000,10.2,3,8.396103199521363,609
2001,7.1,3,8.45048829087061,610
2002,8.1,3,8.504985615992055,611
2003,8.5,3,8.55959746295018,612
2004,9.4,3,8.614326192213326,613
2005,9.3,3,8.669167591293998,614
2006,8,3,8.724104074642312,615
2007,11.5,3,8.779109515302707,616
2008,7.6,3,8.8341575284215,617
2009,11.8,3,8.889208286126859,618
2010,8.7,3,8.944225215469615,619
2011,11.6,3,8.999158092629443,620
2012,8.2,3,9.05395208720094,621
2013,8.1,3,9.108538682778544,622
2014,10.8,3,9.162859998411008,623
2015,8.4,3,9.216870045508955,624
2016,7.9,3,9.270513276246973,625
2017,7.4,3,9.323746207893095,626
1881,11.8,4,11.742686275409625,629
1882,12,4,11.76137611928776,630
1883,12.4,4,11.78039684879949,631
1884,12.7,4,11.79975496413364,632
1885,10,4,11.819445357632983,633
1886,12.7,4,11.839453391476184,634
1887,10,4,11.85977444381846,635
1888,12.1,4,11.880401070267482,636
1889,15.8,4,11.901337269147092,637
1890,13.6,4,11.922584862281688,638
1891,12.7,4,11.944129071090963,639
1892,12.2,4,11.965932819729666,640
1893,12.3,4,11.987942191275884,641
1894,11.3,4,12.010091611784759,642
1895,12.2,4,12.032305481039593,643
1896,10.7,4,12.054504888596377,644
1897,10.6,4,12.07660411348958,645
1898,11.3,4,12.098522217132476,646
1899,11.1,4,12.120188029450304,647
1900,10.8,4,12.141538161048459,648
1901,12.8,4,12.162521836704485,649
1902,8.6,4,12.183104597075435,650
1903,12.6,4,12.203257670423199,651
1904,12.3,4,12.222979047058864,652
1905,12.1,4,12.242294862317522,653
1906,13.1,4,12.261285978287091,654
1907,12.9,4,12.280143703264642,655
1908,13.2,4,12.299249206093663,656
1909,10.9,4,12.319291872568641,657
1910,12.3,4,12.341253477348346,658
1911,13.1,4,12.358439323816327,659
1912,11.9,4,12.37464035536319,660
1913,12.4,4,12.38959758741283,661
1914,10.9,4,12.403115181891565,662
1915,13.1,4,12.415193903337062,663
1916,13.1,4,12.42586722898226,664
1917,15,4,12.43517714907752,665
1918,14,4,12.443143291305939,666
1919,11.6,4,12.449771095103914,667
1920,13.8,4,12.455188396282104,668
1921,14,4,12.459667709871841,669
1922,13.6,4,12.463427314870213,670
1923,11.4,4,12.466689483134456,671
1924,13.7,4,12.469514681810043,672
1925,13.9,4,12.471935088348793,673
1926,10.7,4,12.474097933676543,674
1927,10.9,4,12.475970864917286,675
1928,10.1,4,12.477262525448378,676
1929,13.1,4,12.477702965839761,677
1930,11.6,4,12.476920334340154,678
1931,15.1,4,12.474677773218616,679
1932,12.5,4,12.47099097827292,680
1933,11.5,4,12.465815378472495,681
1934,13.3,4,12.458889901386378,682
1935,10.5,4,12.449836205512725,683
1936,12.3,4,12.43839862981191,684
1937,14.7,4,12.424735408209711,685
1938,10.7,4,12.409192276161672,686
1939,10.5,4,12.392406728157171,687
1940,12.2,4,12.374997748775735,688
1941,9.2,4,12.35750262255875,689
1942,12.1,4,12.3406367612493,690
1943,12.8,4,12.325092482462205,691
1944,11.6,4,12.311574705470637,692
1945,14,4,12.300329081228668,693
1946,13.9,4,12.291372699482345,694
1947,14.7,4,12.284423266991695,695
1948,13.6,4,12.279172878771794,696
1949,12.2,4,12.275380205109158,697
1950,13.8,4,12.272480468546666,698
1951,11.5,4,12.269842122444283,699
1952,12.3,4,12.266980169104109,700
1953,13.2,4,12.263509404359404,701
1954,12.2,4,12.259115356755458,702
1955,10.3,4,12.25370055837827,703
1956,12.5,4,12.247389707661846,704
1957,9.7,4,12.240255470080815,705
1958,13.3,4,12.232405203897617,706
1959,12.7,4,12.223890371019756,707
1960,12.8,4,12.21457770724065,708
1961,10.3,4,12.204402294810393,709
1962,9.8,4,12.193704624901777,710
1963,12,4,12.183034452280964,711
1964,13.6,4,12.17277045876476,712
1965,11.2,4,12.163583159758801,713
1966,13,4,12.156153546238993,714
1967,12.5,4,12.151125837263644,715
1968,10.9,4,12.149226992682273,716
1969,12.9,4,12.150900941452647,717
1970,11.4,4,12.156425394166954,718
1971,14,4,12.16612524300643,719
1972,11.3,4,12.180161634177658,720
1973,12.5,4,12.198571020168508,721
1974,11,4,12.221324066255924,722
1975,11.8,4,12.24811102709527,723
1976,12.8,4,12.278496567693253,724
1977,11.7,4,12.311776391153657,725
1978,11.6,4,12.347179110394052,726
1979,12.4,4,12.384056342916338,727
1980,10.7,4,12.421970591459527,728
1981,13.2,4,12.460768775935733,729
1982,12.4,4,12.500230069346031,730
1983,11.3,4,12.539945601840643,731
1984,10.8,4,12.579787121437946,732
1985,13.4,4,12.619855168057228,733
1986,14.1,4,12.659998744513956,734
1987,9.7,4,12.699915748180544,735
1988,14.2,4,12.73906650540286,736
1989,13.8,4,12.774257647716084,737
1990,13.9,4,12.806025059927734,738
1991,9.5,4,12.836216646756014,739
1992,14.5,4,12.865915998537801,740
1993,14.6,4,12.895629192715134,741
1994,12.6,4,12.925523122365888,742
1995,12.2,4,12.955606880919994,743
1996,11.2,4,12.985847842816128,744
1997,12.7,4,13.016215408636683,745
1998,14,4,13.046693740333751,746
1999,13.8,4,13.077266061641197,747
2000,14.6,4,13.107901473506459,748
2001,14.4,4,13.138557199989293,749
2002,13.8,4,13.16917747091211,750
2003,14.1,4,13.199697986899167,751
2004,11.6,4,13.230052141290216,752
2005,12.8,4,13.260175675660008,753
2006,13.1,4,13.290023928311726,754
2007,14.2,4,13.319564940368068,755
2008,14.5,4,13.348770978669577,756
2009,13.6,4,13.377607371358934,757
2010,10.4,4,13.406030604481657,758
2011,13.9,4,13.434000851480555,759
2012,14.2,4,13.461496358068636,760
2013,11.8,4,13.488495248938058,761
2014,12.4,4,13.514973329539963,762
2015,12.3,4,13.540925622856847,763
2016,13.7,4,13.566367566676064,764
2017,14.1,4,13.591330670909699,765
1881,15.1,5,15.37191420329581,768
1882,14.3,5,15.369268399877821,769
1883,16.2,5,15.36627856206592,770
1884,13.1,5,15.362946218350809,771
1885,16.7,5,15.359270061910463,772
1886,14.3,5,15.355259399479124,773
1887,15.5,5,15.35091698864869,774
1888,15.8,5,15.346253388155317,775
1889,18.6,5,15.341280087231787,776
1890,13.9,5,15.33600146494524,777
1891,14.7,5,15.330413251772073,778
1892,15.1,5,15.32452271673304,779
1893,15.8,5,15.318348526185726,780
1894,14.2,5,15.311914283275899,781
1895,15.7,5,15.305244284195876,782
1896,16.7,5,15.298373934993645,783
1897,17,5,15.291338561103274,784
1898,14.8,5,15.284159859382893,785
1899,14.7,5,15.276843585696113,786
1900,16,5,15.269397033296986,787
1901,15.6,5,15.261832680329292,788
1902,15.3,5,15.254153801018237,789
1903,14.8,5,15.246351450238048,790
1904,15.2,5,15.238405140338465,791
1905,17,5,15.230281075332197,792
1906,14.7,5,15.22190320701494,793
1907,14.6,5,15.21308892223233,794
1908,17,5,15.203507146426809,795
1909,14.1,5,15.192626474012016,796
1910,16.5,5,15.17983578617271,797
1911,14.9,5,15.17022039152777,798
1912,15.6,5,15.163476403967174,799
1913,14.8,5,15.15987775849134,800
1914,14.6,5,15.159525985530951,801
1915,17.5,5,15.162016059627106,802
1916,12.8,5,15.166711518800186,803
1917,18.8,5,15.172766395152518,804
1918,13,5,15.179566519684535,805
1919,15,5,15.186715167370505,806
1920,14.9,5,15.194331509881138,807
1921,14.4,5,15.202524100955166,808
1922,15.7,5,15.211225788562931,809
1923,11.2,5,15.220538842260586,810
1924,15.1,5,15.230542722936669,811
1925,15,5,15.241071454981515,812
1926,13.8,5,15.251961082425545,813
1927,14.1,5,15.263216669922464,814
1928,14.1,5,15.27494552656458,815
1929,14.5,5,15.28717649829796,816
1930,18.2,5,15.29998200585262,817
1931,16.1,5,15.313453937649768,818
1932,14.6,5,15.32778015748611,819
1933,14.3,5,15.343183030802052,820
1934,16.4,5,15.359755163893375,821
1935,17.2,5,15.377394843276043,822
1936,16.2,5,15.396120886190722,823
1937,16.3,5,15.415916686253379,824
1938,16,5,15.436563560918344,825
1939,16.3,5,15.457923869645068,826
1940,16.7,5,15.479578228957088,827
1941,16.3,5,15.501130846455618,828
1942,14.4,5,15.522114342311543,829
1943,14.4,5,15.542198799506282,830
1944,14.2,5,15.560881484474269,831
1945,16.6,5,15.577567091494991,832
1946,14.8,5,15.591960861202196,833
1947,17.9,5,15.60362879271845,834
1948,15.6,5,15.612314606082025,835
1949,14.1,5,15.617950085536583,836
1950,17.6,5,15.62055000851188,837
1951,15.3,5,15.62016781993355,838
1952,15.2,5,15.61690563295118,839
1953,16.1,5,15.610936467553039,840
1954,16,5,15.602642016025118,841
1955,14.6,5,15.592684788911594,842
1956,13.2,5,15.581869290418364,843
1957,16.7,5,15.570759972478852,844
1958,14.5,5,15.559685558022496,845
1959,16.1,5,15.548827596627419,846
1960,16.2,5,15.538137373548368,847
1961,16,5,15.52768906926796,848
1962,14.2,5,15.51769390908018,849
1963,15.8,5,15.508180289731433,850
1964,16.9,5,15.498866087671612,851
1965,15.5,5,15.489607584653704,852
1966,16.9,5,15.48037137161742,853
1967,14.7,5,15.47113051735597,854
1968,16,5,15.46172408335935,855
1969,14.8,5,15.45205347920951,856
1970,17.2,5,15.442205300039156,857
1971,13.9,5,15.43256307550428,858
1972,14.5,5,15.423627426815187,859
1973,16.1,5,15.415913079796216,860
1974,14.1,5,15.409632899919949,861
1975,14.7,5,15.404896366113704,862
1976,17.4,5,15.401856532995698,863
1977,15.5,5,15.400499669830516,864
1978,14.8,5,15.40095331701031,865
1979,16.5,5,15.40345658955351,866
1980,14.7,5,15.408208997212736,867
1981,15.3,5,15.415452199483148,868
1982,16.3,5,15.425189887581285,869
1983,16.3,5,15.437320602983448,870
1984,13.7,5,15.451780496420335,871
1985,13.5,5,15.468478945305563,872
1986,15.9,5,15.48722550989018,873
1987,13.9,5,15.507678990880944,874
1988,15,5,15.52955186289762,875
1989,15.3,5,15.562718363376185,876
1990,15.2,5,15.594949192111194,877
1991,13.5,5,15.626911611598835,878
1992,17.3,5,15.658896539108149,879
1993,15.7,5,15.69108211557107,880
1994,15.9,5,15.723566103434429,881
1995,14.3,5,15.75640741544968,882
1996,15.7,5,15.78964490052865,883
1997,15.9,5,15.823315047653338,884
1998,16.5,5,15.857441734697417,885
1999,15.2,5,15.892033323175042,886
2000,17,5,15.92708462907106,887
2001,14.3,5,15.962588137974635,888
2002,17.4,5,15.998527858236876,889
2003,19.4,5,16.034892892629628,890
2004,15.3,5,16.071660006982967,891
2005,16.4,5,16.108797137439936,892
2006,16.8,5,16.146277933024322,893
2007,17.4,5,16.18407460313844,894
2008,16.9,5,16.22215164474637,895
2009,14.8,5,16.260462663496334,896
2010,16.3,5,16.2989588169469,897
2011,16.5,5,16.337604993386705,898
2012,15.5,5,16.37637120211331,899
2013,15.7,5,16.415230360836063,900
2014,16.1,5,16.454167813929388,901
2015,15.8,5,16.493181198042066,902
2016,17,5,16.53227702516584,903
2017,17.8,5,16.571469839163463,904
1881,18.6,6,17.00272387154462,907
1882,16.8,6,16.996865501803605,908
1883,16.7,6,16.991273587408124,909
1884,18.2,6,16.985937510614416,910
1885,17.3,6,16.980847359467813,911
1886,16.8,6,16.9759799353292,912
1887,18.7,6,16.971304777749527,913
1888,14.7,6,16.966787615464852,914
1889,16.4,6,16.9623822270676,915
1890,15.4,6,16.958055112372847,916
1891,16.2,6,16.95378557316644,917
1892,16,6,16.9495705042098,918
1893,17.4,6,16.945422314645075,919
1894,17.8,6,16.94136750190694,920
1895,17.2,6,16.937434110280016,921
1896,17,6,16.933645916123822,922
1897,16.5,6,16.930026991587972,923
1898,14.4,6,16.926606498828303,924
1899,17.3,6,16.9234289421609,925
1900,18.4,6,16.920567772188402,926
1901,18.5,6,16.91810993830834,927
1902,15.8,6,16.916140283884946,928
1903,16.2,6,16.914743738514325,929
1904,18.8,6,16.91404204869345,930
1905,18.6,6,16.914211784514983,931
1906,17.2,6,16.915479744205122,932
1907,14.5,6,16.918160148779798,933
1908,17.2,6,16.922744393563434,934
1909,15,6,16.92994477602435,935
1910,15.5,6,16.94024668999854,936
1911,19.2,6,16.95778481913635,937
1912,17.9,6,16.975598140138686,938
1913,14.6,6,16.99301936735684,939
1914,17.6,6,17.009444378472026,940
1915,16.2,6,17.024412753424453,941
1916,16,6,17.03769144782908,942
1917,17.3,6,17.049305562295565,943
1918,16.5,6,17.059781613134113,944
1919,14.4,6,17.069806662226437,945
1920,17.4,6,17.080143315359685,946
1921,18.7,6,17.091288394411148,947
1922,15.7,6,17.103529385734078,948
1923,18.6,6,17.116933051587953,949
1924,16.7,6,17.13152653217328,950
1925,17.9,6,17.147466232799616,951
1926,17.4,6,17.16490408495773,952
1927,17.3,6,17.183805826536933,953
1928,18.4,6,17.203981815896395,954
1929,17.5,6,17.224865747038308,955
1930,16.4,6,17.24578984119755,956
1931,16.8,6,17.266255964136988,957
1932,17.9,6,17.286099287913377,958
1933,18.1,6,17.30482444412255,959
1934,18.3,6,17.321531460496047,960
1935,17.8,6,17.335386333517302,961
1936,16.8,6,17.346047211571317,962
1937,17.2,6,17.353521463605347,963
1938,16.7,6,17.35764481202692,964
1939,17,6,17.358285606491968,965
1940,16.2,6,17.355426856471613,966
1941,18.6,6,17.348976431330136,967
1942,16.1,6,17.33926410208042,968
1943,17.7,6,17.32681091851586,969
1944,17.4,6,17.312279445529985,970
1945,17.9,6,17.29652766359064,971
1946,18.4,6,17.28031449896013,972
1947,18.9,6,17.264089146492474,973
1948,16.2,6,17.24841702480947,974
1949,17.6,6,17.233879827181653,975
1950,18,6,17.22064722820643,976
1951,17.1,6,17.208512745639375,977
1952,18.3,6,17.19710439747285,978
1953,17.4,6,17.18580566841233,979
1954,14.4,6,17.174158652699774,980
1955,17.4,6,17.162058438111508,981
1956,16.9,6,17.149690937926813,982
1957,17.7,6,17.13711175992315,983
1958,17,6,17.12437082785727,984
1959,19.3,6,17.111605943708987,985
1960,15.4,6,17.098950543643113,986
1961,15.1,6,17.0863681337014,987
1962,15,6,17.073770508712872,988
1963,17.7,6,17.061125604571593,989
1964,18.1,6,17.048765958919365,990
1965,15,6,17.03722932506321,991
1966,15.6,6,17.026949019865246,992
1967,18.6,6,17.01852355388105,993
1968,16.2,6,17.012729207784975,994
1969,18.4,6,17.01002380996528,995
1970,16.1,6,17.010647863570277,996
1971,18,6,17.014580496568747,997
1972,17.7,6,17.02196304762605,998
1973,17.2,6,17.032590392749924,999
1974,15.3,6,17.046214251311792,1000
1975,18.2,6,17.062534045589857,1001
1976,19.3,6,17.081333359551248,1002
1977,16.5,6,17.102286243190548,1003
1978,15.5,6,17.125128699215633,1004
1979,15.3,6,17.14956216400801,1005
1980,15.1,6,17.175188769827102,1006
1981,16.4,6,17.201697122342594,1007
1982,18.9,6,17.2289156409198,1008
1983,20.4,6,17.257016370743514,1009
1984,15.9,6,17.285968591483368,1010
1985,17.4,6,17.31539541737174,1011
1986,17,6,17.345122688942375,1012
1987,16.9,6,17.375161955099088,1013
1988,17,6,17.405714797431905,1014
1989,17.7,6,17.44298402467372,1015
1990,16.7,6,17.482345314810132,1016
1991,19.2,6,17.522926185066893,1017
1992,18.6,6,17.56420312217699,1018
1993,16.1,6,17.605893940966226,1019
1994,21.3,6,17.647848138590454,1020
1995,20.1,6,17.68999836887474,1021
1996,15.9,6,17.732286726196776,1022
1997,17.2,6,17.774653487455467,1023
1998,16.4,6,17.817069493837465,1024
1999,19,6,17.85952662946059,1025
2000,15.3,6,17.902029953971677,1026
2001,18.6,6,17.944579299396253,1027
2002,17.7,6,17.987185227050134,1028
2003,19.1,6,18.029854525253256,1029
2004,16.8,6,18.07259190290526,1030
2005,18,6,18.115395630593767,1031
2006,22,6,18.158273260326382,1032
2007,17.2,6,18.201232755161556,1033
2008,18,6,18.244273396325568,1034
2009,18,6,18.287401863882934,1035
2010,20.3,6,18.33062988293169,1036
2011,16.1,6,18.373967838041366,1037
2012,17.4,6,18.41741417386129,1038
2013,19.5,6,18.46098229628248,1039
2014,19.3,6,18.504696401230177,1040
2015,19.4,6,18.54856852925103,1041
2016,18.6,6,18.592595738222528,1042
2017,18.1,6,18.636762907438083,1043
1881,15.9,7,15.959835247880095,1046
1882,14.9,7,15.962632200865228,1047
1883,15.9,7,15.965214765285118,1048
1884,17,7,15.967593980382139,1049
1885,14.6,7,15.969783046862958,1050
1886,16.9,7,15.971788755600496,1051
1887,15.7,7,15.973626866599473,1052
1888,15.1,7,15.975309059210343,1053
1889,15.4,7,15.976851062203975,1054
1890,16.5,7,15.9782811973995,1055
1891,15,7,15.97963710294076,1056
1892,18.1,7,15.980957947670214,1057
1893,17,7,15.982290667455175,1058
1894,15.4,7,15.98367243890085,1059
1895,16.5,7,15.98513131780409,1060
1896,14.3,7,15.98669884175804,1061
1897,17.1,7,15.988407742977817,1062
1898,18,7,15.990302356550272,1063
1899,16.8,7,15.992419988770463,1064
1900,16.2,7,15.994779287014051,1065
1901,16.4,7,15.997381575583852,1066
1902,14.7,7,16.000212953856803,1067
1903,15.4,7,16.003242080143217,1068
1904,16.5,7,16.006432075773876,1069
1905,16.5,7,16.009728139611806,1070
1906,16.5,7,16.013017420227854,1071
1907,15.7,7,16.016076329058524,1072
1908,14.5,7,16.01849596705837,1073
1909,16.2,7,16.01962983044413,1074
1910,15.8,7,16.0187202073636,1075
1911,19.4,7,16.023088326814467,1076
1912,14,7,16.028593928115292,1077
1913,14.8,7,16.035109734533965,1078
1914,17.2,7,16.0424034106603,1079
1915,15.2,7,16.050602482472055,1080
1916,15.9,7,16.05994690289863,1081
1917,16.7,7,16.070875406371503,1082
1918,15.9,7,16.08375017348432,1083
1919,16.1,7,16.09871496916977,1084
1920,15,7,16.115871449952667,1085
1921,17.3,7,16.13523586551368,1086
1922,15.4,7,16.15667158325168,1087
1923,15.7,7,16.18012526143574,1088
1924,14.5,7,16.205673009251925,1089
1925,16.5,7,16.23335234029733,1090
1926,16,7,16.263020182735744,1091
1927,16.4,7,16.294088052733294,1092
1928,16.2,7,16.325888321953343,1093
1929,17.1,7,16.357731111399957,1094
1930,16,7,16.38896346185372,1095
1931,15.4,7,16.41915269683875,1096
1932,18.7,7,16.448120820154003,1097
1933,16.9,7,16.475536693941706,1098
1934,16.4,7,16.50086144087509,1099
1935,16.6,7,16.52359275801743,1100
1936,16.2,7,16.543411718910214,1101
1937,17.1,7,16.56020751479776,1102
1938,17.7,7,16.573916773126545,1103
1939,17.5,7,16.584417096031515,1104
1940,14.5,7,16.59171608565255,1105
1941,15,7,16.595956581794614,1106
1942,17.6,7,16.59755684798863,1107
1943,17.9,7,16.597007119686655,1108
1944,19.6,7,16.59472990665011,1109
1945,16.2,7,16.59107939973662,1110
1946,16.2,7,16.58637388391512,1111
1947,18.9,7,16.580928194086347,1112
1948,16.4,7,16.575154382096215,1113
1949,17,7,16.569268909649267,1114
1950,17.5,7,16.563271438991194,1115
1951,17.2,7,16.556892662383817,1116
1952,17.8,7,16.549959463317407,1117
1953,16.4,7,16.542411612051595,1118
1954,15.8,7,16.53422602511091,1119
1955,16.8,7,16.525457463036545,1120
1956,14.1,7,16.51637100205754,1121
1957,15.1,7,16.507219868310095,1122
1958,16.9,7,16.49817298385434,1123
1959,17.3,7,16.48931435881315,1124
1960,15.8,7,16.48069785944812,1125
1961,15.7,7,16.472352954728766,1126
1962,15.8,7,16.464281703959116,1127
1963,15.9,7,16.45683954744085,1128
1964,15.9,7,16.4506208202412,1129
1965,14.9,7,16.446247667756385,1130
1966,15.5,7,16.444109366418374,1131
1967,16.4,7,16.444537841866143,1132
1968,16.4,7,16.447954410042566,1133
1969,16.5,7,16.45487999728943,1134
1970,16.8,7,16.465983567214945,1135
1971,17.8,7,16.481556061336935,1136
1972,15.7,7,16.501445444624828,1137
1973,17.7,7,16.52543644282121,1138
1974,17.1,7,16.553527669362218,1139
1975,18.8,7,16.585802808929202,1140
1976,16.2,7,16.62221594536227,1141
1977,15.9,7,16.662434393171935,1142
1978,15.1,7,16.70577718000267,1143
1979,15.5,7,16.75123303158719,1144
1980,16.6,7,16.79769688537911,1145
1981,16.4,7,16.844214604851956,1146
1982,17.3,7,16.890119417511755,1147
1983,18.1,7,16.934912744772745,1148
1984,17,7,16.97825179954195,1149
1985,16.2,7,17.01995419586551,1150
1986,16.3,7,17.059981476679084,1151
1987,15.5,7,17.09817952753852,1152
1988,17,7,17.134518580225958,1153
1989,17,7,17.16431257562813,1154
1990,18.3,7,17.193500657972706,1155
1991,17.9,7,17.222939172228436,1156
1992,19.1,7,17.25298600432815,1157
1993,15.8,7,17.28369523196116,1158
1994,17.8,7,17.31499290279875,1159
1995,18.3,7,17.346791862937664,1160
1996,17.2,7,17.37899897235286,1161
1997,19.8,7,17.411519260408348,1162
1998,16.7,7,17.444268076131415,1163
1999,17.2,7,17.477162390634703,1164
2000,17.6,7,17.510137897585153,1165
2001,18.6,7,17.54314425143525,1166
2002,18.8,7,17.576135107365126,1167
2003,20.6,7,17.609057910677706,1168
2004,18.4,7,17.64185227181291,1169
2005,15.8,7,17.674452238564996,1170
2006,15.5,7,17.706794795095803,1171
2007,16.9,7,17.738839187703753,1172
2008,17.4,7,17.770567763486113,1173
2009,18.7,7,17.801977830663425,1174
2010,16.7,7,17.833071895754003,1175
2011,17.7,7,17.863848671402188,1176
2012,18.4,7,17.894317245232287,1177
2013,17.9,7,17.92449036782382,1178
2014,16,7,17.95437599863864,1179
2015,19.9,7,17.98398524166764,1180
2016,17.7,7,18.013340619802314,1181
2017,17.9,7,18.04245257070083,1182
1881,12.1,8,12.979671519786274,1185
1882,13.1,8,12.9736216389893,1186
1883,13.4,8,12.96775353221133,1187
1884,14.3,8,12.962094623437412,1188
1885,12.7,8,12.956664356210371,1189
1886,15.1,8,12.951468565215116,1190
1887,12.2,8,12.946509111987258,1191
1888,12.5,8,12.941775457095867,1192
1889,11.1,8,12.937261579483417,1193
1890,13.1,8,12.932970962214226,1194
1891,13.8,8,12.928921312845002,1195
1892,13.8,8,12.925130799353571,1196
1893,12.4,8,12.92160724396684,1197
1894,11,8,12.918348573553114,1198
1895,15.2,8,12.915357437290023,1199
1896,12.8,8,12.912647106114713,1200
1897,12.3,8,12.910221722015542,1201
1898,13.6,8,12.908083332421485,1202
1899,12.5,8,12.906237295074535,1203
1900,13.8,8,12.904682633009028,1204
1901,13.4,8,12.903415619783999,1205
1902,12,8,12.902417057366199,1206
1903,13.5,8,12.901651883959639,1207
1904,11.9,8,12.9010816092429,1208
1905,12.8,8,12.90065600150594,1209
1906,12.5,8,12.900338187217578,1210
1907,13.1,8,12.900132549888705,1211
1908,12.1,8,12.900162503149257,1212
1909,12.7,8,12.900813457388828,1213
1910,12,8,12.902899831360434,1214
1911,14.4,8,12.917242277011265,1215
1912,9.1,8,12.933463075012103,1216
1913,12.6,8,12.950929565974754,1217
1914,12.4,8,12.968966840511172,1218
1915,11.8,8,12.987300257450613,1219
1916,12,8,13.005827102440179,1220
1917,14.5,8,13.024601759122213,1221
1918,12.9,8,13.04380357983824,1222
1919,14.7,8,13.063661869161308,1223
1920,13,8,13.08431280163483,1224
1921,13.5,8,13.105818937066083,1225
1922,11.2,8,13.12838408680716,1226
1923,13.1,8,13.152209571034376,1227
1924,13.6,8,13.177478631814402,1228
1925,11,8,13.204024991532641,1229
1926,14.6,8,13.231625336389051,1230
1927,13.5,8,13.260007615072759,1231
1928,12.5,8,13.28871644186885,1232
1929,15.5,8,13.317276792182184,1233
1930,13.2,8,13.34508993945009,1234
1931,10.2,8,13.371776047857573,1235
1932,15,8,13.397096383012077,1236
1933,13.5,8,13.42077660505415,1237
1934,15.6,8,13.442777269790973,1238
1935,13.7,8,13.462922269049603,1239
1936,13,8,13.481046136419277,1240
1937,13.3,8,13.497030975136564,1241
1938,13.8,8,13.510797611542042,1242
1939,13.4,8,13.522278468180437,1243
1940,12.4,8,13.531466754841174,1244
1941,12.3,8,13.538329191864028,1245
1942,15.1,8,13.543094427794397,1246
1943,13.8,8,13.546092033279852,1247
1944,12.8,8,13.54749065689326,1248
1945,13.8,8,13.547338327481272,1249
1946,14.1,8,13.545666226698906,1250
1947,16.8,8,13.54239281656532,1251
1948,13.8,8,13.537637617009148,1252
1949,16.3,8,13.53140742468851,1253
1950,12.9,8,13.523714503469314,1254
1951,14.5,8,13.514577822369194,1255
1952,10.5,8,13.504202821313541,1256
1953,13.5,8,13.492846876234953,1257
1954,13.5,8,13.48091090574486,1258
1955,13.4,8,13.468933121102719,1259
1956,13.8,8,13.45722477474964,1260
1957,11.8,8,13.445967937882802,1261
1958,14.5,8,13.435241552406719,1262
1959,13.5,8,13.424850606884696,1263
1960,12.5,8,13.414772524646832,1264
1961,16.3,8,13.404947309812915,1265
1962,12.3,8,13.395227040564514,1266
1963,13.7,8,13.385395224049518,1267
1964,13.6,8,13.37541217665806,1268
1965,12.7,8,13.365435539801489,1269
1966,13.2,8,13.355609001886869,1270
1967,13.8,8,13.346046633983843,1271
1968,13.4,8,13.336789084924607,1272
1969,13.8,8,13.327883459103315,1273
1970,13.2,8,13.319514357838262,1274
1971,12,8,13.31179087559098,1275
1972,10.7,8,13.304762005835027,1276
1973,14.1,8,13.298629114993364,1277
1974,13.2,8,13.293478183728649,1278
1975,15.5,8,13.289200078065576,1279
1976,12.7,8,13.285701506876098,1280
1977,11.9,8,13.282989563892924,1281
1978,12.2,8,13.281280394679156,1282
1979,13.1,8,13.280860180715386,1283
1980,13.9,8,13.281907331231825,1284
1981,14,8,13.284421369319006,1285
1982,15.7,8,13.288546048604093,1286
1983,13.7,8,13.294224709871685,1287
1984,12.3,8,13.301455022591039,1288
1985,13.5,8,13.310177702144632,1289
1986,11.3,8,13.320305046774438,1290
1987,14.5,8,13.331864932532069,1291
1988,13.2,8,13.344696586939465,1292
1989,14.4,8,13.363565385490316,1293
1990,11.8,8,13.382708588163583,1294
1991,14.8,8,13.401565839938586,1295
1992,13.4,8,13.419979261713795,1296
1993,12.2,8,13.437943863285327,1297
1994,13.2,8,13.455513557146446,1298
1995,12.6,8,13.472770750843768,1299
1996,10.9,8,13.489798135208453,1300
1997,13.7,8,13.506678526895133,1301
1998,13.4,8,13.523492610346892,1302
1999,16.8,8,13.540305063924606,1303
2000,13.9,8,13.557165895925642,1304
2001,11.8,8,13.574106091484786,1305
2002,13.2,8,13.591148571197962,1306
2003,13.9,8,13.608324533731267,1307
2004,14,8,13.625665669505103,1308
2005,15,8,13.643195090781944,1309
2006,16.9,8,13.660924050753238,1310
2007,12.6,8,13.678845823894363,1311
2008,12.4,8,13.696943508250186,1312
2009,14.7,8,13.715211056304842,1313
2010,12.4,8,13.73365292168841,1314
2011,15.2,8,13.752267782218219,1315
2012,13.6,8,13.771059254190419,1316
2013,13.3,8,13.790018949940606,1317
2014,14.9,8,13.809138353350896,1318
2015,13,8,13.828412070078809,1319
2016,16.9,8,13.847825558218865,1320
2017,12.8,8,13.867367508662998,1321
1881,5,9,7.78725063011656,1324
1882,8.9,9,7.809051357861918,1325
1883,8.5,9,7.83051017187946,1326
1884,7.9,9,7.851625978186089,1327
1885,7.4,9,7.872386007142744,1328
1886,9.5,9,7.892775938816989,1329
1887,5.5,9,7.912782805143149,1330
1888,6.4,9,7.932384150438104,1331
1889,8,9,7.951576771006472,1332
1890,7.2,9,7.9703784062516085,1333
1891,9.9,9,7.988814562162567,1334
1892,7.5,9,8.006917884717172,1335
1893,9.8,9,8.024712090238918,1336
1894,8,9,8.04222138819981,1337
1895,7.1,9,8.05945922254191,1338
1896,8.6,9,8.076439590789121,1339
1897,7.3,9,8.093187061342235,1340
1898,8.9,9,8.10972901016767,1341
1899,7.8,9,8.126102464817773,1342
1900,8.6,9,8.142345421958858,1343
1901,9.1,9,8.15850315711317,1344
1902,7.1,9,8.174621856678673,1345
1903,9.6,9,8.190744856967708,1346
1904,8.3,9,8.206928030754622,1347
1905,4.5,9,8.22321373069048,1348
1906,9.8,9,8.23963104542094,1349
1907,11.2,9,8.25619467463879,1350
1908,8.1,9,8.272805455813415,1351
1909,10.2,9,8.289160161324025,1352
1910,9.1,9,8.304876527576674,1353
1911,8.5,9,8.318281431766192,1354
1912,6.5,9,8.330803065606421,1355
1913,9.5,9,8.341733768554153,1356
1914,8.2,9,8.350687508157673,1357
1915,6.4,9,8.357698801825222,1358
1916,8.5,9,8.363056184113823,1359
1917,7.2,9,8.36736049541111,1360
1918,7.9,9,8.371130010451363,1361
1919,6,9,8.374454011630657,1362
1920,6.9,9,8.377237310646017,1363
1921,11,9,8.37941693962248,1364
1922,5,9,8.381288432239167,1365
1923,10.3,9,8.382998766804674,1366
1924,9.4,9,8.384756025119565,1367
1925,8.5,9,8.386754628280835,1368
1926,7.8,9,8.389317921942371,1369
1927,8.6,9,8.392919847260114,1370
1928,8.6,9,8.397819856387422,1371
1929,9.7,9,8.404194710162763,1372
1930,8.7,9,8.412176694129563,1373
1931,7.3,9,8.421892152862867,1374
1932,8.5,9,8.433450224928514,1375
1933,8.8,9,8.446866956845017,1376
1934,9.6,9,8.462327548677674,1377
1935,8.6,9,8.479820216155876,1378
1936,6.4,9,8.498680954509116,1379
1937,9.5,9,8.517956526690394,1380
1938,8.7,9,8.536855977541016,1381
1939,6.5,9,8.55484175559553,1382
1940,7.6,9,8.571806189784212,1383
1941,8,9,8.588017425318675,1384
1942,11.1,9,8.603894014046908,1385
1943,9.9,9,8.619644096379174,1386
1944,8.6,9,8.635429236318211,1387
1945,9.7,9,8.651196191907275,1388
1946,7,9,8.666607157497268,1389
1947,7.8,9,8.68127724456518,1390
1948,8.7,9,8.694927109695634,1391
1949,10.6,9,8.707618184634896,1392
1950,7.8,9,8.719500073563353,1393
1951,7.3,9,8.730556240292202,1394
1952,7.2,9,8.740828133682243,1395
1953,10.4,9,8.750097016629855,1396
1954,9.9,9,8.758244725774066,1397
1955,8,9,8.765428398523085,1398
1956,8.2,9,8.771912874169583,1399
1957,9.2,9,8.778004215494205,1400
1958,9.3,9,8.783930566064603,1401
1959,8.5,9,8.789911488026444,1402
1960,9.1,9,8.796283428534748,1403
1961,10.5,9,8.80346350275484,1404
1962,9,9,8.811764661217541,1405
1963,8.1,9,8.82132329475104,1406
1964,7.1,9,8.831983907706556,1407
1965,8.2,9,8.843455873738833,1408
1966,11.1,9,8.855427040941414,1409
1967,11.1,9,8.86748629038531,1410
1968,10.2,9,8.879627774814413,1411
1969,10,9,8.891933084952,1412
1970,8.9,9,8.904093964467975,1413
1971,8.8,9,8.915492822526485,1414
1972,6.8,9,8.925425281337123,1415
1973,7.3,9,8.93363410045406,1416
1974,5.5,9,8.940325102707328,1417
1975,7.5,9,8.945684169154426,1418
1976,9.5,9,8.94994483407974,1419
1977,10.2,9,8.953454978499117,1420
1978,9.1,9,8.956670021061553,1421
1979,8.6,9,8.960168624367608,1422
1980,8,9,8.964572352376988,1423
1981,8.1,9,8.970342834842164,1424
1982,9.7,9,8.977550736711546,1425
1983,9.2,9,8.985909616685836,1426
1984,10.2,9,8.995258724690395,1427
1985,8.8,9,9.005621857663805,1428
1986,9.6,9,9.017168613582502,1429
1987,9.4,9,9.030144253323055,1430
1988,9.7,9,9.044559009741718,1431
1989,10.4,9,9.06231951659585,1432
1990,10.2,9,9.080445491328717,1433
1991,8.2,9,9.099067498760832,1434
1992,6.5,9,9.11801594939196,1435
1993,7.9,9,9.137127757022455,1436
1994,7.6,9,9.156315808024225,1437
1995,11.8,9,9.175548450454478,1438
1996,9.2,9,9.19482146033037,1439
1997,7.7,9,9.21411558622323,1440
1998,8.7,9,9.233417423087971,1441
1999,9,9,9.252734730021789,1442
2000,10.6,9,9.272084189179207,1443
2001,12.5,9,9.291480363569327,1444
2002,8.3,9,9.310920065553034,1445
2003,5.9,9,9.330384637359362,1446
2004,10.1,9,9.349868524895818,1447
2005,11,9,9.36938336056901,1448
2006,12.1,9,9.388933167973072,1449
2007,8.4,9,9.408502418040513,1450
2008,9.1,9,9.428059628430915,1451
2009,8.2,9,9.447582887998173,1452
2010,8.1,9,9.467061385005415,1453
2011,9.4,9,9.486501581358617,1454
2012,8.7,9,9.505926118200925,1455
2013,10.6,9,9.5253630194619,1456
2014,11.9,9,9.544844925302286,1457
2015,8.4,9,9.564388164674586,1458
2016,8.5,9,9.583987946288271,1459
2017,11.1,9,9.603650648855727,1460
1881,5.7,10,3.6056875834805346,1469
1882,3.9,10,3.5932967940551563,1470
1883,4.3,10,3.5810344893448374,1471
1884,1.7,10,3.568865328644929,1472
1885,2.7,10,3.5567479464154736,1473
1886,5.1,10,3.5446582570341043,1474
1887,3.1,10,3.5325824957461585,1475
1888,3.3,10,3.5204956191644463,1476
1889,2.7,10,3.5083743391562763,1477
1890,2.9,10,3.496201724413904,1478
1891,2.7,10,3.4839726463992093,1479
1892,3,10,3.4716947204195705,1480
1893,2.2,10,3.4593901379435508,1481
1894,4.9,10,3.4470965476139312,1482
1895,4.8,10,3.434869324308316,1483
1896,1.2,10,3.4227605729767774,1484
1897,2.8,10,3.410819707465116,1485
1898,4.7,10,3.399121549026777,1486
1899,6.4,10,3.387763855887897,1487
1900,4.7,10,3.376846466004787,1488
1901,2.7,10,3.366459200604334,1489
1902,1.6,10,3.3566863942250453,1490
1903,4.4,10,3.347634510238006,1491
1904,3.3,10,3.3394515752581544,1492
1905,3.1,10,3.332311019044008,1493
1906,6.3,10,3.3264325661546597,1494
1907,3.3,10,3.3221010342226265,1495
1908,1.5,10,3.3196286818473046,1496
1909,2,10,3.3192497102831444,1497
1910,2.2,10,3.3205974712572557,1498
1911,4.7,10,3.3346132240113873,1499
1912,2.6,10,3.3506674669701417,1500
1913,6.8,10,3.368715416189353,1501
1914,3.4,10,3.3885124134797557,1502
1915,1.5,10,3.4094547174541177,1503
1916,4.5,10,3.430755665829718,1504
1917,5.1,10,3.451997569740854,1505
1918,3,10,3.4729198840021525,1506
1919,0.5,10,3.493432584346543,1507
1920,1.2,10,3.5136967367722747,1508
1921,-0.2,10,3.5339585806600127,1509
1922,2.5,10,3.554421791190215,1510
1923,2.9,10,3.5753243415497735,1511
1924,3,10,3.596891204311831,1512
1925,2,10,3.6193112777713736,1513
1926,6,10,3.6430103222392205,1514
1927,2.7,10,3.6681179120122067,1515
1928,6.2,10,3.6943189180154548,1516
1929,4.7,10,3.7211919670565976,1517
1930,5.9,10,3.748551814082859,1518
1931,4.7,10,3.7764423395182547,1519
1932,4.2,10,3.8047653063413236,1520
1933,2.5,10,3.8332688808404285,1521
1934,4.1,10,3.8616434034707865,1522
1935,5.2,10,3.8895141509957725,1523
1936,3.8,10,3.9166994338848653,1524
1937,3.3,10,3.9432953775722908,1525
1938,7,10,3.969286373359296,1526
1939,5.5,10,3.994300556578594,1527
1940,5.4,10,4.017655124742955,1528
1941,2,10,4.038467816425101,1529
1942,3.3,10,4.0561445716180655,1530
1943,2.7,10,4.070324725278701,1531
1944,4.1,10,4.080923204321673,1532
1945,3.6,10,4.088006279814299,1533
1946,4,10,4.091497704973545,1534
1947,5.3,10,4.09161955065124,1535
1948,4.2,10,4.088926501804783,1536
1949,3.7,10,4.0842343546766475,1537
1950,4.3,10,4.078466060536929,1538
1951,6.5,10,4.0724394554494765,1539
1952,1.7,10,4.066764298076064,1540
1953,4.8,10,4.061780488106919,1541
1954,4.1,10,4.057869801428052,1542
1955,3.8,10,4.05539161624502,1543
1956,2.5,10,4.054340883071818,1544
1957,4.5,10,4.054693674846962,1545
1958,4.3,10,4.056087738155489,1546
1959,3.3,10,4.058340140765599,1547
1960,6,10,4.061363713047329,1548
1961,3.7,10,4.065035639013584,1549
1962,2.7,10,4.069176808873655,1550
1963,7.4,10,4.073711572812002,1551
1964,4.9,10,4.078457732906304,1552
1965,1.4,10,4.08322411998934,1553
1966,2.2,10,4.0878265272098195,1554
1967,3.9,10,4.092217706662489,1555
1968,3.7,10,4.096126653241561,1556
1969,5.1,10,4.099441567827972,1557
1970,5.8,10,4.102291396473572,1558
1971,3.5,10,4.10489594915224,1559
1972,4.3,10,4.107401270029188,1560
1973,3.3,10,4.110108509723446,1561
1974,4.9,10,4.113193458805933,1562
1975,3.1,10,4.116961533667789,1563
1976,4.8,10,4.121733179234428,1564
1977,5.1,10,4.127649585764786,1565
1978,4.2,10,4.13484301875377,1566
1979,3.7,10,4.143528804422909,1567
1980,3,10,4.153654801795925,1568
1981,4.6,10,4.165228838512098,1569
1982,6,10,4.17863865728901,1570
1983,3.5,10,4.194019368563188,1571
1984,4.9,10,4.211343435154923,1572
1985,0.8,10,4.230583815147572,1573
1986,5.9,10,4.251625990804865,1574
1987,4.9,10,4.274391919690029,1575
1988,3,10,4.298858872944059,1576
1989,2.7,10,4.333661885529459,1577
1990,4.5,10,4.369261418811796,1578
1991,4,10,4.4046487926369124,1579
1992,5.4,10,4.439472664062841,1580
1993,0.4,10,4.473727967704754,1581
1994,7.2,10,4.507518617758272,1582
1995,3,10,4.540977890760097,1583
1996,4.5,10,4.574211167710963,1584
1997,4,10,4.607319585868112,1585
1998,1.6,10,4.640391425715897,1586
1999,3.5,10,4.673508966218122,1587
2000,6.1,10,4.706759787570746,1588
2001,3.8,10,4.740225335784018,1589
2002,5.6,10,4.773963551175463,1590
2003,6,10,4.808024741326719,1591
2004,4.2,10,4.8424415399910075,1592
2005,4.2,10,4.877229669535012,1593
2006,7,10,4.912405952060169,1594
2007,3.7,10,4.947987035569589,1595
2008,5.1,10,4.983975143346925,1596
2009,7.4,10,5.020377376128749,1597
2010,4.8,10,5.057195756297986,1598
2011,4.5,10,5.094414245130281,1599
2012,5.2,10,5.1320165981494625,1600
2013,4.6,10,5.169993091190079,1601
2014,6.5,10,5.208336112693843,1602
2015,7.5,10,5.24704054741963,1603
2016,3.8,10,5.286084215345198,1604
2017,5.1,10,5.325426599257426,1605
1881,0.9,11,0.0921967448659089,1608
1882,0.6,11,0.12387339262127028,1609
1883,0.8,11,0.15572786482594125,1610
1884,1.7,11,0.18772290250458923,1611
1885,-0.3,11,0.21980452936342942,1612
1886,0.8,11,0.2518982540318433,1613
1887,-0.8,11,0.28392528057874244,1614
1888,0.6,11,0.3158001702168818,1615
1889,-1.6,11,0.347442048432697,1616
1890,-5.3,11,0.37877005136482467,1617
1891,1.7,11,0.4097191955441133,1618
1892,-1.9,11,0.440231978848594,1619
1893,0.3,11,0.47024408165815146,1620
1894,0.5,11,0.49970736985684994,1621
1895,-0.1,11,0.5285819224321742,1622
1896,-0.5,11,0.5568328686261026,1623
1897,1.3,11,0.5844396451927238,1624
1898,3,11,0.6114016055501637,1625
1899,-3.3,11,0.6377216265175534,1626
1900,2.8,11,0.663400154069933,1627
1901,0.9,11,0.6884679592992811,1628
1902,-1.8,11,0.7129658608368104,1629
1903,-0.8,11,0.7369656039953583,1630
1904,2.4,11,0.7606249402316081,1631
1905,1,11,0.7842190974589371,1632
1906,-2.2,11,0.808145414116197,1633
1907,1.5,11,0.8329931036770404,1634
1908,-0.5,11,0.8596184645655782,1635
1909,1.9,11,0.8889737513645244,1636
1910,2.6,11,0.921469694265916,1637
1911,3,11,0.9328758853094037,1638
1912,3.1,11,0.9418758580316648,1639
1913,2,11,0.9475855843438845,1640
1914,3.5,11,0.9495351970949972,1641
1915,3.5,11,0.9478265972886959,1642
1916,1.8,11,0.9426190460050563,1643
1917,-2.1,11,0.9341124411754862,1644
1918,3.9,11,0.9225563750733556,1645
1919,0.8,11,0.908094181341319,1646
1920,0.6,11,0.8907703315554869,1647
1921,0.5,11,0.8708354311665687,1648
1922,2.2,11,0.8489189187666994,1649
1923,-1.7,11,0.8252862822212137,1650
1924,1.5,11,0.8002250403015267,1651
1925,-0.4,11,0.7739879364374644,1652
1926,0.6,11,0.7468903436921863,1653
1927,-2.6,11,0.7192389181475818,1654
1928,-0.3,11,0.6914819717716796,1655
1929,3.6,11,0.6643764698137176,1656
1930,0.6,11,0.6385440552565314,1657
1931,0.1,11,0.6149100326437491,1658
1932,0.8,11,0.5946063055014505,1659
1933,-3.9,11,0.5784073729891119,1660
1934,4.8,11,0.5664557231629423,1661
1935,0.4,11,0.5587181673966359,1662
1936,1.5,11,0.5550536778491306,1663
1937,-0.5,11,0.5551837964810602,1664
1938,-1.9,11,0.558995969312921,1665
1939,-1.6,11,0.5661819288649781,1666
1940,-2.8,11,0.5761344449702577,1667
1941,1.5,11,0.5880096690100842,1668
1942,2.1,11,0.6010584641241863,1669
1943,0.2,11,0.6146718803455684,1670
1944,-0.4,11,0.6285181339323245,1671
1945,1.3,11,0.6424009220249545,1672
1946,-2.3,11,0.6563574468069717,1673
1947,1.4,11,0.6707839707347247,1674
1948,0.9,11,0.6857653199331111,1675
1949,3,11,0.7012297162758543,1676
1950,-2,11,0.7172054011796902,1677
1951,2.5,11,0.7336591549738785,1678
1952,-0.5,11,0.7508584979466022,1679
1953,2.5,11,0.7690887280913543,1680
1954,3.2,11,0.788257104306517,1681
1955,2.6,11,0.8084164404542236,1682
1956,2,11,0.8295000329907012,1683
1957,0.5,11,0.8514329719393885,1684
1958,2.5,11,0.8740961784235104,1685
1959,2.2,11,0.8972430244677803,1686
1960,1.2,11,0.9207965415966335,1687
1961,-0.6,11,0.9447850916352252,1688
1962,-3.3,11,0.9690669963827396,1689
1963,-3.1,11,0.9931870825304756,1690
1964,0.4,11,1.016356911340523,1691
1965,2.6,11,1.0380722665663917,1692
1966,2,11,1.0583080044250828,1693
1967,0.4,11,1.0774399931617822,1694
1968,-2,11,1.095591411350096,1695
1969,-4.7,11,1.112665532163021,1696
1970,0.5,11,1.1286288689197903,1697
1971,3.6,11,1.1432918693367213,1698
1972,0.8,11,1.156787732603128,1699
1973,0.2,11,1.1696861999871118,1700
1974,4.8,11,1.1824479772741654,1701
1975,1.2,11,1.195381046240641,1702
1976,-1,11,1.2088818323638506,1703
1977,2.1,11,1.2230479806812369,1704
1978,0.3,11,1.2380257850340115,1705
1979,3.8,11,1.2542780804526572,1706
1980,0.7,11,1.2723869916708068,1707
1981,-2.2,11,1.2923456025461562,1708
1982,2.2,11,1.313851827208623,1709
1983,0.7,11,1.3363000766431838,1710
1984,1.2,11,1.359135823927332,1711
1985,3.7,11,1.3819002758830337,1712
1986,2.1,11,1.4044369430669192,1713
1987,2.1,11,1.4267477991229285,1714
1988,3.4,11,1.4488619769614814,1715
1989,2.4,11,1.4672779949305728,1716
1990,0.8,11,1.4909446792871144,1717
1991,0.7,11,1.518260901835994,1718
1992,1.3,11,1.547782795314312,1719
1993,3.2,11,1.5785477957988974,1720
1994,3.6,11,1.609957281234344,1721
1995,-1.8,11,1.6416153187368678,1722
1996,-2.4,11,1.6732524058027636,1723
1997,2.2,11,1.704721800959014,1724
1998,1,11,1.7359564490727735,1725
1999,2.2,11,1.7669194096858831,1726
2000,3.1,11,1.7975986035665201,1727
2001,-0.2,11,1.8279891672905961,1728
2002,0.3,11,1.8580886832829506,1729
2003,1.8,11,1.8879227169773216,1730
2004,1.1,11,1.9175396714614266,1731
2005,0.9,11,1.9469946002931096,1732
2006,4.4,11,1.976352272008718,1733
2007,1.6,11,2.005682219628582,1734
2008,1.1,11,2.035035972690679,1735
2009,0.3,11,2.0644652231634595,1736
2010,-3.7,11,2.0940341952200967,1737
2011,3.9,11,2.123824285881007,1738
2012,1.5,11,2.153917650956579,1739
2013,3.6,11,2.1843773667022504,1740
2014,2.7,11,2.2152617055912174,1741
2015,6.5,11,2.2466098404101302,1742
2016,2.2,11,2.2784433235489985,1743
2017,2.7,11,2.310761451764705,1744